﻿<?xml version="1.0"?>
<doc>
<assembly>
<name>
postmark_inbound
</name>
</assembly>
<members>
<member name="M:postmark_inbound.postmark_inbound.ParseInbound(System.IO.Stream)">
	<summary>
 Returns Parsed Email Content
 </summary>
	<param name="emailContent">Send us the whole http stream using: HttpContext.Current.Request.InputStream</param>
	<returns>Returns the mail_object which has all the data serialized</returns>
	<remarks>version 0.1 alpha release</remarks>
</member><member name="P:postmark_inbound.My.Resources.Resources.ResourceManager">
	<summary>
  Returns the cached ResourceManager instance used by this class.
</summary>
</member><member name="P:postmark_inbound.My.Resources.Resources.Culture">
	<summary>
  Overrides the current thread's CurrentUICulture property for all
  resource lookups using this strongly typed resource class.
</summary>
</member><member name="T:postmark_inbound.My.Resources.Resources">
	<summary>
  A strongly-typed resource class, for looking up localized strings, etc.
</summary>
</member>
</members>
</doc>